login_type,reseller,hostname,domain,role,user,config_name,config_value,description,allow_lesser_scope_access,notes
*,*,*,*,*,*,*,no,"No description available",0,
*,*,*,*,*,*,ANALYTICS_ENABLE_AGENTS_ACCESS,yes,"Created via API",0,
*,*,*,*,*,*,ANALYTICS_EXTRA_STYLE_CONTROLS,yes,,0,
*,*,*,*,*,*,CDR_RECORDINGS_IGNORE_ACCESS_ELM,yes,,0,
*,*,*,*,*,*,DEFAULT_UI_TABLE_MAX_ROW,50,,0,
*,*,*,*,*,*,HA_MOVE_BY_ROLE_SWITCH,yes,"HA Move by Role Switch",0,
*,*,*,*,*,*,MOBILE_ANDROID_CALL_CENTER_ENABLED,yes,"Created via API",0,
*,*,*,*,*,*,MOBILE_ANDROID_FEEDBACK_EMAIL,bphelps@grid4.com,"Created via API",0,
*,*,*,*,*,*,MOBILE_ANDROID_GROUP_CHAT_ENABLED,yes,"Created via API",0,
*,*,*,*,*,*,MOBILE_ANDROID_MULTIMEDIA_CHAT_ENABLED,yes,"Created via API",0,
*,*,*,*,*,*,MOBILE_ANDROID_RECORD_ALLOW,yes,"Created via API",0,
*,*,*,*,*,*,MOBILE_IOS_CALL_CENTER_ENABLED,yes,"Created via API",0,
*,*,*,*,*,*,MOBILE_IOS_FEEDBACK_EMAIL,bphelps@grid4.com,"Created via API",0,
*,*,*,*,*,*,MOBILE_IOS_GROUP_CHAT_ENABLED,yes,"Created via API",0,
*,*,*,*,*,*,MOBILE_IOS_MULTIMEDIA_CHAT_ENABLED,yes,"Created via API",0,
*,*,*,*,*,*,MOBILE_IOS_RECORD_ALLOW,yes,"Created via API",0,
*,*,*,*,*,*,MOBILE_REGISTRATION_SERVER,_sip._tls.core1-ord.grid4voice.ucaas.tech:5061,"Created via API",0,
*,*,*,*,*,*,MOBILE_REVERSE_NAME_DISPLAY_ORDER,yes,"Created via API",0,
*,*,*,*,*,*,NMS_WAN_IF,ens3,,0,
*,*,*,*,*,*,PORTAL_AGENT_SHOW_AGENT_ACW,yes,"Created via API",0,
*,*,*,*,*,*,PORTAL_ALLOW_AUDIO_MONITOR,yes,"Created via API",0,
*,*,*,*,*,*,PORTAL_ALLOW_AUDIO_MONITOR_ON_AGENTS,yes,"Created via API",0,
*,*,*,*,*,*,PORTAL_ALLOW_AUDIO_MONITOR_ON_QUEUES,yes,"Created via API",0,
*,*,*,*,*,*,PORTAL_ALLOW_SCOPE_SELECT_ADVANCED_USER,yes,"Created via API",0,
*,*,*,*,*,*,PORTAL_ALLOW_SCOPE_SELECT_RESELLER,yes,"Created via API",0,
*,*,*,*,*,*,PORTAL_ALLOW_SCOPE_SELECT_SIMPLE_USER,yes,"Created via API",0,
*,*,*,*,*,*,PORTAL_ALLOW_WEB_PHONE,yes,"enable SNAPmobile Web",0,
*,*,*,*,*,*,PORTAL_ALLOW_WEB_PHONE_TOOLBAR,yes,"show webphone in toolbar",0,
*,*,*,*,*,*,PORTAL_ALLOW_WHISPER_BARGE,no,"Allow Whisper Barge",0,
*,*,*,*,*,*,PORTAL_ANALYTICS_FEATURE_ENABLED,yes,"Created via API",0,
*,*,*,*,*,*,PORTAL_ANSWERRULES_ADD_CONFIRM_DT_RULES,no,"don't auto add translations for answer confirmation (already in Default)",0,
*,*,*,*,*,*,PORTAL_ANSWERRULES_AUDIO_CONFIRMATION_OPTIONS,yes,"Created via API",0,
*,*,*,*,*,*,PORTAL_ANSWERRULES_FOA_SHOW,yes,"show forward on active",0,
*,*,*,*,*,*,PORTAL_ANSWERRULES_LOOK_FOR_STAR_CODE,no,"Will check the dial plan table for * codes to enable and disable given timeframe rule.",0,
*,*,*,*,*,*,PORTAL_ANSWERRULES_SIMRING_CONFIRM,yes,,0,
*,*,*,*,*,*,PORTAL_ANSWERRULES_SIMRING_DELAY,yes,"Controls whether or no the sim ring delay options are shown in the answer rules section",0,
*,*,*,*,Reseller,*,PORTAL_ASSUME_IDENTITY,yes,"Created via API",0,
*,*,*,*,"Super User",*,PORTAL_ASSUME_IDENTITY,yes,"Created via API",0,
*,*,*,*,*,*,PORTAL_ATTENDANT_CONSOLE,yes,,0,
*,*,*,*,*,*,PORTAL_ATTENDANT_OPTIONS_SHOW_DTMF_COUNT,yes,"Created via API",0,
*,*,*,*,*,*,PORTAL_ATTENDANT_OPTIONS_SHOW_DTMF_TIMERS,yes,"Created via API",0,
*,*,*,*,*,*,PORTAL_ATTENDANT_USE_RESI,no,"Use To User residential in the Options menu for extension dialling",0,
*,*,*,*,*,*,PORTAL_AUTOATTENDANT_CALLERID_SHOW_PREFIX,yes,"show CNAM prefix on AA",0,
*,*,*,*,*,*,PORTAL_AUTO_ATTENDANT_ALLOW_DID_MANAGE,yes,"Allow DID management in the Auto Attendant management edit page.",0,
*,*,*,*,*,*,PORTAL_AUTO_ATTENDANT_SHOW_INTRO,no,"Created via API",0,
*,*,*,*,*,*,PORTAL_BUILDER_ENABLED,yes,"Enable SNAPbuilder",0,
*,*,*,*,*,*,PORTAL_BUILDER_FEATURE_NAME,SNAPbuilder,"set name for snapbuilder",0,
*,*,*,*,*,*,PORTAL_BUILDER_VIEW_CONFIG_FILES_ENABLED,yes,"Created via API",0,
*,*,*,*,"Super User",*,PORTAL_BUILDER_VIEW_CONFIG_FILES_ENABLED,yes,"show config files in SNAPbuilder",0,
*,*,*,*,*,*,PORTAL_CALLHISTORY_FILTERS_EXT_TO_EXT,yes,"Created via API",0,
*,*,*,*,*,*,PORTAL_CALLHISTORY_FILTERS_OFFNET,yes,"Created via API",0,
*,*,*,*,*,*,PORTAL_CALLHISTORY_FILTERS_SITE,yes,"Created via API",0,
*,*,*,*,*,*,PORTAL_CALLHISTORY_MAX_RANGE_DAYS,90,"Created via API",0,
*,*,*,*,*,*,PORTAL_CALLHISTORY_SHOW_RECORDING_STORAGE,yes,,0,
*,*,*,*,"Call Center Agent",*,PORTAL_CALLS_ACTIVE_CALL_POPUPS,yes,"Created via API",0,
*,*,*,*,*,*,PORTAL_CALL_HISTORY_EXPORT_DISP_REASON_NOTES,yes,"Created via API",0,
*,*,*,*,*,*,PORTAL_CALL_HISTORY_EXPORT_PAC,yes,"Created via API",0,
*,*,*,*,*,*,PORTAL_CALL_HISTORY_EXPORT_RELEASE_REASON,yes,"Created via API",0,
*,*,*,*,*,*,PORTAL_CALL_HISTORY_EXPORT_SPLIT_DAY_TIME,yes,"If enabled it will split the date and time into two fields. This allow a bit easier parsing in applications like excel. formats are Y-M-d and H:m:s",0,
*,*,*,*,*,*,PORTAL_CALL_HISTORY_SHOW_QOS,yes,,0,
*,*,*,*,"Super User",*,PORTAL_CALL_HISTORY_SHOW_REASON_ON_INDEX,yes,"enable release reason",0,
*,*,*,*,*,*,PORTAL_CALL_HISTORY_SHOW_RECORDINGS,yes,,0,
*,*,*,*,*,*,PORTAL_CALL_HISTORY_SHOW_RELEASE_REASON,yes,"Created via API",0,
*,*,*,*,*,*,PORTAL_CALL_HISTORY_SHOW_TRACE_OMP,yes,"Created via API",0,
*,*,*,*,*,*,PORTAL_CALL_POPUP_ENABLED,yes,"Created via API",0,
*,*,*,*,"Call Center Agent",*,PORTAL_CALL_POPUP_SHOW_DISP_NOTES,yes,"Created via API",0,
*,*,*,*,"Call Center Agent",*,PORTAL_CALL_POPUP_SHOW_NOTES,yes,"Created via API",0,
*,*,*,*,*,*,PORTAL_CALL_QUEUE_AGENTS_BY_USER,yes,"Created via API",0,
*,*,*,*,*,*,PORTAL_CALL_QUEUE_AGENT_MESSAGE,yes,"Created via API",0,
*,*,*,*,*,*,PORTAL_CALL_QUEUE_ALLOW_DID_MANAGE,yes,"Allow DID management in the Call Queue management edit page.",0,
*,*,*,*,*,*,PORTAL_CALL_QUEUE_ALLOW_RECORDING,yes,"Created via API",0,
*,*,*,*,*,*,PORTAL_CALL_QUEUE_CALLBACK_ALLOW,yes,"Is callback from the call queue enabled?",0,
*,*,*,*,*,*,PORTAL_CALL_QUEUE_GRANULAR_LOGIN,yes,"Created via API",0,
*,*,*,*,*,*,PORTAL_CALL_QUEUE_INTRO_FORCED,yes,"Controls whether there is an option to require call queue introductory greeting (moh-00) to play before the call is dispatched; or not",0,
*,*,*,*,*,*,PORTAL_CALL_QUEUE_MANAGER_EMAIL,yes,"email reports in queues",0,
*,*,*,*,*,*,PORTAL_CALL_QUEUE_RINGBACK_OR_MOH,yes,"Created via API",0,
*,*,*,*,*,*,PORTAL_CALL_QUEUE_USE_SITE,yes,"Created via API",0,
*,*,*,*,*,*,PORTAL_CALL_RECORDING,yes,"Created via API",0,
*,*,*,*,*,*,PORTAL_CHAT_SMS,yes,"Created via API",0,
*,*,*,*,*,*,PORTAL_CHAT_UC,yes,"Set to yes to enable intradomain chat in the portal",0,
*,*,*,*,*,*,PORTAL_CONFERENCE_ALLOW_DID_MANAGE,yes,"Allow DID management in the Conference management edit page. Allow DID management in the Conference management edit page.",0,
*,*,*,*,*,*,PORTAL_CSP_CONNECT_ADDITIONS,"https://cdn.statically.io https://statically.io wss://*.socket.io","Additional domains to allow for fetch XMLHttpRequest WebSocket connections (connect-src directive). Use space-separated values like 'https://api.example.com wss://*.socket.io'.",0,
*,*,*,*,*,*,PORTAL_CSP_ENABLED,no,,0,
*,*,*,*,*,*,PORTAL_CSP_FONT_ADDITIONS,"https://fonts.gstatic.com https://fonts.googleapis.com https://*.gstatic.com",,0,
*,*,*,*,*,*,PORTAL_CSP_FRAME_ANCESTORS,google-analytics.com,,0,
*,*,*,*,*,*,PORTAL_CSP_FRAME_SRC,none,,0,
*,*,*,*,*,*,PORTAL_CSP_IMG_ADDITIONS,"https://grid4.com https://cdn.statically.io https://statically.io https://*.githubusercontent.com https://raw.githubusercontent.com",,0,
*,*,*,*,*,*,PORTAL_CSP_SCRIPT_ADDITIONS,"https://*.statically.io https://statically.io https://*.githubusercontent.com https://*.jsdelivr.net https://*.github.com https://*.google-analytics.com https://*.googletagmanager.com","Additional sources to allow for JavaScript execution (script-src directive). Use space-separated values like 'https://trusted-cdn.com https://*.analytics.com'.",0,
*,*,*,*,*,*,PORTAL_CSP_STYLE_ADDITIONS,"https://cdn.statically.io https://statically.io https://*.githubusercontent.com https://raw.githubusercontent.com https://fonts.googleapis.com https://*.bootstrap.com","Additional sources to allow for CSS styles (style-src directive). Use space-separated values like 'https://fonts.googleapis.com https://*.bootstrap.com'.",0,
*,*,*,*,*,*,PORTAL_CSS_COLOR_MENU_BAR,no,"If set to yes, the grey bar just below the large menu icons will be colored using the gradient color's above",0,
*,*,*,netsapiens,*,*,PORTAL_CSS_CUSTOM,https://cdn.statically.io/gh/paulhshort/grid4-netsapiens-skin/main/grid4-portal-skin-v5.0.css?v=3650,"Allows for a link to a custom css file that is applied after the default CSS to allow for overriding of anything.",0,
*,*,*,Grid4_Monday_test,*,*,PORTAL_CSS_CUSTOM,https://ambitious-coast-0a8b2110f.1.azurestaticapps.net/grid4-portal-skin-v5.0.11.css,"Allows for a link to a custom css file that is applied after the default CSS to allow for overriding of anything.",0,
*,*,*,Grid4_Monday_test2,*,*,PORTAL_CSS_CUSTOM,https://cdn.statically.io/gh/paulhshort/grid4-netsapiens-skin/main/grid4-portal-skin-v5.0.css?v=3650,"Allows for a link to a custom css file that is applied after the default CSS to allow for overriding of anything.",0,
*,*,*,Grid4_Monday_test3,*,*,PORTAL_CSS_CUSTOM,https://cdn.statically.io/gh/paulhshort/grid4-netsapiens-skin/main/grid4-portal-skin-v5.0.css?v=3650,"Allows for a link to a custom css file that is applied after the default CSS to allow for overriding of anything.",0,
*,*,*,grid4_test_june30_01,*,*,PORTAL_CSS_CUSTOM,https://cdn.statically.io/gh/paulhshort/grid4-netsapiens-skin/main/grid4-portal-skin-v5.0.css?v=3650,"Allows for a link to a custom css file that is applied after the default CSS to allow for overriding of anything.",0,
*,*,*,Meade_Lexus_test_june30_02,*,*,PORTAL_CSS_CUSTOM,https://cdn.statically.io/gh/paulhshort/grid4-netsapiens-skin/main/grid4-portal-skin-v5.0.css?v=3650,"Allows for a link to a custom css file that is applied after the default CSS to allow for overriding of anything.",0,
*,*,*,*,*,*,PORTAL_CSS_PRIMARY_2,#6EC1E4,"Created via API",0,
*,training_reseller1,*,*,*,*,PORTAL_CSS_PRIMARY_2,#4A90E2,"Created via API",0,
*,training_reseller2,*,*,*,*,PORTAL_CSS_PRIMARY_2,#1C2526,"Created via API",0,
*,*,*,*,*,*,PORTAL_DEVICE_ALLOW_RECORDING,yes,"Created via API",0,
*,*,*,*,*,*,PORTAL_DEVICE_NDP_SERVER,core1,,0,
*,*,*,grid4lab,*,*,PORTAL_DEVICE_NDP_SERVER,core2,,0,
*,*,*,*,*,*,PORTAL_DIAL_PERMISSION_ALLOW_ADMINONLY,no,"hide adminonly permissions",0,
*,*,*,*,*,*,PORTAL_DOMAINS_ALLOW_EDIT_911ID,yes,"Created via API",0,
*,*,*,*,*,*,PORTAL_DOMAINS_DIAL_PERMISSION,"US and Canada","default US and Canada",0,
*,*,*,*,*,*,PORTAL_DOMAINS_DIAL_PLAN,"Cloud PBX Features","default dial plan for new domain creation",0,
*,*,*,*,*,*,PORTAL_DOMAINS_EMERGENCY_TAB,yes,"Created via API",0,
*,*,*,*,*,*,PORTAL_DOMAINS_NDP_SERVER_SELECT,yes,"Created via API",0,
*,*,*,*,"Super User",*,PORTAL_DOMAINS_RECORDING_QUOTA,yes,"Created via API",0,
*,*,*,*,"Super User",*,PORTAL_DOMAINS_RECORDING_QUOTA_AGELIMIT,yes,"Created via API",0,
*,*,*,*,"Super User",*,PORTAL_DOMAINS_RECORDING_QUOTA_COUNTLIMIT,yes,"Created via API",0,
*,*,*,*,"Super User",*,PORTAL_DOMAINS_RECORDING_QUOTA_SIZELIMIT,yes,"Created via API",0,
*,*,*,*,"Super User",*,PORTAL_DOMAINS_RECORDING_QUOTA_TIMELIMIT,yes,"Created via API",0,
*,*,*,*,*,*,PORTAL_DOMAINS_SHOW_EMAIL_SENDER,no,"Created via API",0,
*,*,*,*,*,*,PORTAL_DOMAINS_SHOW_RESI,no,"Created via API",0,
*,*,*,*,*,*,PORTAL_DOMAIN_CREATE_NAME_STRICT_VALIDATION,yes,,0,
*,*,*,*,*,*,PORTAL_EMERGENCY_NOTIFICATION_DIAL_NUMBERS,"911,933","Created via API",0,
*,*,*,*,*,*,PORTAL_EMERGENCY_NOTIFICATION_MESSAGE,yes,"Created via API",0,
*,*,*,*,*,*,PORTAL_EMERGENCY_NOTIFICATION_SHOW_CALL,yes,"Created via API",0,
*,*,*,*,*,*,PORTAL_EMERGENCY_NOTIFICATION_SHOW_EMAIL,yes,"Created via API",0,
*,*,*,*,*,*,PORTAL_EMERGENCY_NOTIFICATION_SHOW_MESSAGE,yes,"Created via API",0,
*,*,*,*,*,*,PORTAL_ENABLE_SITE_MANAGER,yes,"Created via API",0,
*,*,*,grid4_test,*,*,PORTAL_EXTRA_JS,https://cdn.statically.io/gh/paulhshort/grid4-netsapiens-skin/main/grid4-portal-skin-v5.0.js?v=3660,"Ability for system admin to add in own JavaScript source url for analytics or any custom features.",0,
*,*,*,netsapiens,*,*,PORTAL_EXTRA_JS,https://cdn.statically.io/gh/paulhshort/grid4-netsapiens-skin/main/grid4-portal-skin-v5.0.js?v=3660,"Ability for system admin to add in own JavaScript source url for analytics or any custom features.",0,
*,*,*,Grid4_Monday_test,*,*,PORTAL_EXTRA_JS,https://ambitious-coast-0a8b2110f.1.azurestaticapps.net/grid4-portal-skin-v5.0.11.js,"Ability for system admin to add in own JavaScript source url for analytics or any custom features.",0,
*,*,*,Grid4_Monday_test2,*,*,PORTAL_EXTRA_JS,https://cdn.statically.io/gh/paulhshort/grid4-netsapiens-skin/main/grid4-portal-skin-v5.0.js?v=3660,"Ability for system admin to add in own JavaScript source url for analytics or any custom features.",0,
*,*,*,Grid4_Monday_test3,*,*,PORTAL_EXTRA_JS,https://cdn.statically.io/gh/paulhshort/grid4-netsapiens-skin/main/grid4-portal-skin-v5.0.js?v=3660,"Ability for system admin to add in own JavaScript source url for analytics or any custom features.",0,
*,*,*,Grid4_sunday_Test2,*,*,PORTAL_EXTRA_JS,https://cdn.statically.io/gh/paulhshort/grid4-netsapiens-skin/main/grid4-portal-skin-v5.0.js?v=3660,"Ability for system admin to add in own JavaScript source url for analytics or any custom features.",0,
*,*,*,grid4_test_june30_01,*,*,PORTAL_EXTRA_JS,https://cdn.statically.io/gh/paulhshort/grid4-netsapiens-skin/main/grid4-portal-skin-v5.0.js?v=3660,"Ability for system admin to add in own JavaScript source url for analytics or any custom features.",0,
*,*,*,Meade_Lexus_test_june30_02,*,*,PORTAL_EXTRA_JS,https://cdn.statically.io/gh/paulhshort/grid4-netsapiens-skin/main/grid4-portal-skin-v5.0.js?v=3660,"Ability for system admin to add in own JavaScript source url for analytics or any custom features.",0,
*,*,*,*,"Super User",*,PORTAL_FOOTER_HIDE_HOSTNAME,no,"Created via API",0,
*,*,*,*,*,*,PORTAL_FQDN,portal.grid4voice.ucaas.tech,"Created via API",0,
*,*,*,*,*,*,PORTAL_INVENTORY_ALLOW_PSTN,yes,"Created via API",0,
*,*,*,*,*,*,PORTAL_INVENTORY_ALLOW_RESYNC_ON_SAVE,yes,,0,
*,*,*,*,*,*,PORTAL_INVENTORY_ALLOW_ROUTE_PROFILES,yes,"Created via API",0,
*,*,*,*,*,*,PORTAL_INVENTORY_ALLOW_SIP_TRUNKS,yes,"Created via API",0,
*,*,*,*,*,*,PORTAL_INVENTORY_CALLERID_SHOW_PREFIX,yes,"Allow prefix on caller ID",0,
*,*,*,*,*,*,PORTAL_INVENTORY_DISABLE_DATE,yes,"disable phone number by date",0,
*,*,*,*,*,*,PORTAL_INVENTORY_ENABLE_DATE,yes,"enable phone number by date",0,
*,*,*,*,*,*,PORTAL_INVENTORY_PHONENUMBERS_ALLOW_TOD,yes,"time of day routing for DIDs",0,
*,*,*,*,*,*,PORTAL_INVENTORY_PHONENUMBERS_IMPORT,yes,"enable DID import",0,
*,*,*,*,*,*,PORTAL_INVENTORY_PHONENUMBER_ALLOW_ADD,yes,"allow DID add",0,
*,*,*,*,*,*,PORTAL_INVENTORY_PHONES_DIRECTORY_SELECT,yes,,0,
*,*,*,*,*,*,PORTAL_INVENTORY_PHONES_REGISTRATION_STATUS,yes,"show configuration read status",0,
*,*,*,*,"Super User",*,PORTAL_INVENTORY_PHONES_TRANSPORT_TYPE,yes,"allow selection of TCP transport",0,
*,*,*,*,"Super User",*,PORTAL_INVENTORY_PHONES_TRANSPORT_TYPE_TLS,no,"allow selection of TLS transport",0,
*,*,*,*,"Super User",*,PORTAL_INVENTORY_SHOW_OVERRIDES,yes,"allow editing of overrides",0,
*,*,*,*,*,*,PORTAL_JS_COMBINE,yes,"Combine and cache server side the JS to improve delivery to the browser",0,
*,*,*,*,*,*,PORTAL_LOGGED_IN_POWERED_BY,"Grid4 Communications","Created via API",0,
*,*,*,*,*,*,PORTAL_MENU_SHOW_CALL_CENTER_AGENT,yes,"Created via API",0,
*,*,*,*,*,*,PORTAL_MENU_SHOW_CALL_CENTER_AGENT_SUPERVISOR,yes,"Allows you to add on the call center supervisor view to a non call center view.",0,
*,*,*,*,"Super User",*,PORTAL_MENU_SHOW_ROUTE_PROFILES,yes,"Created via API",0,
*,*,*,*,*,*,PORTAL_MFA_FEATURE_ENABLED,yes,"enable Authenticator MFA option in portal",0,
*,*,*,*,*,*,PORTAL_MMS_GROUP_MESSAGING_SUPPORTED_CARRIERS,"bandwidth,inteliquent,brightlink","Created via API",0,
*,*,*,*,*,*,PORTAL_MUSIC_COPYWRITE_TEXT,"By using the music upload feature, you acknowledge that you are solely responsible for ensuring your audio files are properly licensed and free from copyright restrictions. Grid4 Communications does not assume liability for the content you provide, and reserves the right to review and remove any content found to be in violation of copyright laws or our policies.",,0,
*,*,*,*,*,*,PORTAL_NDP_ALLOW_SERVER_SELECT,yes,"Enable Server dropdown",0,
*,*,*,*,*,*,PORTAL_NDP_ALLOW_SERVER_SELECT_ALL,yes,,0,
*,*,*,*,*,*,PORTAL_PHONES_ALLOW_ADD,yes,,0,
*,*,*,*,*,*,PORTAL_PHONES_ALLOW_HOTDESK,no,"Allow the hot desking feature on the phones page. Will override and hide Add phone if set to yes.",0,
*,*,*,*,*,*,PORTAL_PHONES_MIN_KEY_LENGTH,12,"SIP phone key length",0,
*,*,*,*,*,*,PORTAL_PHONES_SHOW_911ID,yes,"Created via API",0,
*,*,*,*,*,*,PORTAL_PHONES_SHOW_CONTACT,ip,"show just IP and port in phones tab of a user for lower scoped users",0,
*,*,*,*,Reseller,*,PORTAL_PHONES_SHOW_CONTACT,full,"show full contact info in phones tab of a user for reseller",0,
*,*,*,*,"Super User",*,PORTAL_PHONES_SHOW_CONTACT,full,"show full contact info in phones tab of a user for super user",0,
*,*,*,*,"Super User",*,PORTAL_PHONES_SHOW_OVERRIDES,yes,"allow editing of overrides",0,
*,*,*,*,*,*,PORTAL_PHONES_SNAPMOBILE_ALLOW,yes,"Created via API",0,
*,*,*,*,*,*,PORTAL_PHONES_SNAPMOBILE_HOSTID,gridfourvoicesb,"Created via API",0,
*,*,*,*,*,*,PORTAL_PHONES_SNAPMOBILE_TITLE,"Grid4 Mobile","Created via API",0,
*,*,*,*,*,*,PORTAL_SHOW_DEVICE_DEFAULTS_DOMAIN,yes,"Created via API",0,
*,*,*,*,Reseller,*,PORTAL_SHOW_DEVICE_DEFAULTS_DOMAIN,yes,"show editing domain overrides via portal",0,
*,*,*,*,"Super User",*,PORTAL_SHOW_DEVICE_DEFAULTS_DOMAIN,yes,"show editing domain overrides via portal",0,
*,*,*,*,*,*,PORTAL_SHOW_DEVICE_DEFAULTS_SITE,yes,"Created via API",0,
*,*,*,*,Reseller,*,PORTAL_SHOW_DEVICE_DEFAULTS_SITE,yes,"show editing site overrides via portal",0,
*,*,*,*,"Super User",*,PORTAL_SHOW_DEVICE_DEFAULTS_SITE,yes,"show editing site overrides via portal",0,
*,*,*,*,"Super User",*,PORTAL_SHOW_DOMAIN_BLOCKED_NUMBERS,yes,"Created via API",0,
*,*,*,*,"Super User",*,PORTAL_SHOW_DOMAIN_BLOCKED_NUMBERS_MODAL,yes,"Created via API",0,
*,*,*,*,*,*,PORTAL_SIP_TRUNKS_HIDE_VENDOR_TRUNK,yes,"only show customer trunks in portal",0,
*,*,*,*,*,*,PORTAL_SIP_TRUNKS_REGISTRATION_USE_USERNAME,yes,"simplified sip trunk registration",0,
*,*,*,*,*,*,PORTAL_SIP_TRUNKS_SHOW_FAILOVER,yes,"Created via API",0,
*,*,*,*,*,*,PORTAL_SITES_EMERGENCY_NOTIFICATIONS,yes,"Created via API",0,
*,*,*,*,*,*,PORTAL_SITES_MASTER,yes,"Created via API",0,
*,*,*,*,*,*,PORTAL_SOCKET_HOSTNAME,"portal.grid4voice.ucaas.tech,api.grid4voice.ucaas.tech",,0,
*,*,*,*,*,*,PORTAL_THEME_ACCENT,#242729,"Created via API",0,
*,training_reseller1,*,*,*,*,PORTAL_THEME_ACCENT,#3498DB,"Created via API",0,
*,training_reseller2,*,*,*,*,PORTAL_THEME_ACCENT,#D9B382,"Created via API",0,
*,*,*,*,*,*,PORTAL_THEME_PRIMARY,#6EC1E4,"Created via API",0,
*,training_reseller1,*,*,*,*,PORTAL_THEME_PRIMARY,#2ECC71,"Created via API",0,
*,training_reseller2,*,*,*,*,PORTAL_THEME_PRIMARY,#1C2526,"Created via API",0,
*,*,*,*,*,*,PORTAL_THREE_WAY_CALL_DISCONNECT_OTHERS_ON_END,yes,"Created via API",0,
*,*,*,*,*,*,PORTAL_TIMEFRAMES_SPECIFIC_DAYS_INCLUDE_MIN,yes,"Include minutes with hours...",0,
*,*,*,*,*,*,PORTAL_TIMEFRAMES_SPECIFIC_DAYS_INCLUDE_TIMES,yes,"Include time option as part of the specific days option",0,
*,*,*,*,*,*,PORTAL_TIMEFRAME_ALLOW_MULTIPLE_RANGES,yes,,0,
*,*,*,*,*,*,PORTAL_USERS_911_USE_DROPDOWN_EMERG_LIST,no,"Will only give the user or admin ability to select a callerid for 911 based what is in the list of configured 911 enabled DID's managed from api.",0,
*,*,*,*,*,*,PORTAL_USERS_ALLOW_EDIT_AREA_CODE,no,"Created via API",0,
*,*,*,*,*,*,PORTAL_USERS_ALLOW_EDIT_AREA_CODE_ON_ADD,no,"Created via API",0,
*,*,*,*,"Super User",*,PORTAL_USERS_ALLOW_EXPORT,yes,"allow user export",0,
*,*,*,*,*,*,PORTAL_USERS_ALLOW_IMPORT,yes,,0,
*,*,*,*,"Super User",*,PORTAL_USERS_ALLOW_PASSWORD_CHANGE,yes,"Created via API",0,
*,*,*,*,*,*,PORTAL_USERS_ALLOW_PASSWORD_CHANGE_ON_EDIT,yes,"Created via API",0,
*,*,*,*,*,*,PORTAL_USERS_ALLOW_PASSWORD_CHANGE_ON_RESET,yes,"Created via API",0,
*,*,*,*,*,*,PORTAL_USERS_ALLOW_RECORDING,yes,"Created via API",0,
*,*,*,*,*,*,PORTAL_USERS_ALLOW_VIEW_AREA_CODE,no,"Created via API",0,
*,*,*,*,*,*,PORTAL_USERS_AREA_CODE_LENGTH_MAX,6,"For international support of area codes other than the domestic 3 digits",0,
*,*,*,*,*,*,PORTAL_USERS_AREA_CODE_LENGTH_MIN,3,"For international support of area codes other than the domestic 3 digits",0,
*,*,*,*,*,*,PORTAL_USERS_CALLERID_USE_DROPDOWN_DID_LIST,yes,"Created via API",0,
*,*,*,*,*,*,PORTAL_USERS_CREATE_DEFAULT_FEATURE,yes,"create default answering rule",0,
*,*,*,*,*,*,PORTAL_USERS_CREATE_DEFAULT_FEATURE_SIM_RING,yes,"create simring own devices as default",0,
*,*,*,*,*,*,PORTAL_USERS_DIR_MATCH_FIRSTNAME,yes,"Created via API",0,
*,*,*,*,*,*,PORTAL_USERS_DISPLAY_SCOPES,yes,"show scopes in user list",0,
*,*,*,*,"Super User",*,PORTAL_USERS_IGNORE_LIST,,"Created via API",0,
*,*,*,*,*,*,PORTAL_USERS_MIN_PASSWORD_LENGTH,4,"Created via API",0,
*,*,*,*,*,*,PORTAL_USERS_PIN_STRONG,yes,"Created via API",0,
*,*,*,*,*,*,PORTAL_USERS_RINGGROUP,yes,"Created via API",0,
*,*,*,*,*,*,PORTAL_USERS_SECURE_PASSWORD_MIN_CAPITAL_LETTER_COUNT,1,"Created via API",0,
*,*,*,*,*,*,PORTAL_USERS_SECURE_PASSWORD_MIN_LENGTH,8,"Created via API",0,
*,*,*,*,*,*,PORTAL_USERS_SECURE_PASSWORD_MIN_NUMBER_COUNT,1,"Created via API",0,
*,*,*,*,*,*,PORTAL_USERS_SECURE_PASSWORD_MIN_SPECIAL_CHAR_COUNT,0,"Created via API",0,
*,*,*,*,*,*,PORTAL_USERS_SECURE_PASSWORD_STRONG,yes,"Created via API",0,
*,*,*,*,*,*,PORTAL_USERS_SHOW_ENHANCED,yes,"Created via API",0,
*,*,*,*,*,*,PORTAL_USERS_SHOW_OPERATOR_FORWARD,yes,"Created via API",0,
*,*,*,*,*,*,PORTAL_USERS_SHOW_VMAIL_COPY_TO,yes,"Created via API",0,
*,*,*,*,*,*,PORTAL_USERS_SORT_EXTENSION,yes,"Created via API",0,
*,*,*,*,*,*,PORTAL_USERS_VMAIL_EMAIL_SMALL_LIST,no,"shorter list of vm to email settings",0,
*,*,*,*,*,*,PORTAL_USERS_VMAIL_SHOW_EMAIL,yes,"Created via API",0,
*,*,*,*,*,*,PORTAL_USERS_VMAIL_TRANSCRIPTION_DEEPGRAM,yes,"Created via API",0,
*,*,*,*,*,*,PORTAL_USERS_VMAIL_TRANSCRIPTION_DEEPGRAM_NAME,Deepgram,"Created via API",0,
*,*,*,*,*,*,PORTAL_USERS_VMAIL_TRANSCRIPTION_SHOW,yes,"Created via API",0,
*,*,*,*,*,*,PORTAL_USER_PIN_FORBID_LIST,"0000,1111,2222,3333,4444,5555,6666,7777,8888,9999,1234,4321,5678,8765,00000,11111,22222,33333,44444,55555,66666,77777,88888,99999,123456,654321,987654,000000,111111,222222,333333,444444,555555,666666,777777,888888,999999,1234567,7654321,12345678,87654321,00000000,11111111,22222222,33333333,44444444,55555555,66666666,77777777,88888888,99999999","Created via API",0,
*,*,*,*,*,*,PORTAL_USER_SECURE_PASSWORD_EXTENSION_FORBID_LIST,"0000,1111,2222,3333,4444,5555,6666,7777,8888,9999,1234,4321,5678,8765,00000,11111,22222,33333,44444,55555,66666,77777,88888,99999,123456,654321,987654,000000,111111,222222,333333,444444,555555,666666,777777,888888,999999,1234567,7654321,12345678,87654321,00000000,11111111,22222222,33333333,44444444,55555555,66666666,77777777,88888888,99999999","Created via API",0,
*,*,*,*,*,*,PORTAL_VIDEO,yes,"enable SNAPHD Video",0,
*,*,*,*,*,*,PORTAL_VOICE_SPEECH_TO_TRANSCRIPTION,yes,"Created via API",0,
*,*,*,*,*,*,PORTAL_VOICE_SPEECH_TO_TRANSCRIPTION_SUMMARY_VENDOR,deepgram,"Created via API",0,
*,*,*,*,*,*,PORTAL_VOICE_SPEECH_TO_TRANSCRIPTION_TOPICS_VENDOR,deepgram,"Created via API",0,
*,*,*,*,*,*,PORTAL_VOICE_SPEECH_TO_TRANSCRIPTION_VENDOR,deepgram,"Created via API",0,
*,*,*,*,*,*,PORTAL_VOICE_TEXT_TO_SPEECH,yes,"Created via API",0,
*,*,*,*,*,*,PORTAL_VOICE_TEXT_TO_SPEECH_AZURE,yes,"Created via API",0,
*,*,*,bradtest,*,*,PORTAL_VOICE_TEXT_TO_SPEECH_DEFAULT_DOMAIN_LANGUAGE,en-US,,0,
*,*,*,grid4lab,*,*,PORTAL_VOICE_TEXT_TO_SPEECH_DEFAULT_DOMAIN_LANGUAGE,en-US,,0,
*,*,*,grid4.com,*,*,PORTAL_VOICE_TEXT_TO_SPEECH_DEFAULT_DOMAIN_LANGUAGE,en-US,,0,
*,*,*,grid4voice,*,*,PORTAL_VOICE_TEXT_TO_SPEECH_DEFAULT_DOMAIN_LANGUAGE,en-US,,0,
*,*,*,grid4_fri_test3,*,*,PORTAL_VOICE_TEXT_TO_SPEECH_DEFAULT_DOMAIN_LANGUAGE,en-US,,0,
*,*,*,bradtest,*,*,PORTAL_VOICE_TEXT_TO_SPEECH_DEFAULT_DOMAIN_MESSAGE,"Hello, {firstname} {lastname} is unavailable. Please leave a message.",,0,
*,*,*,grid4lab,*,*,PORTAL_VOICE_TEXT_TO_SPEECH_DEFAULT_DOMAIN_MESSAGE,"Hello, {firstname} {lastname} is unavailable. Please leave a message.",,0,
*,*,*,grid4.com,*,*,PORTAL_VOICE_TEXT_TO_SPEECH_DEFAULT_DOMAIN_MESSAGE,"Hello, {firstname} {lastname} is unavailable. Please leave a message.",,0,
*,*,*,grid4voice,*,*,PORTAL_VOICE_TEXT_TO_SPEECH_DEFAULT_DOMAIN_MESSAGE,"Hello, {firstname} {lastname} is unavailable. Please leave a message.",,0,
*,*,*,grid4_fri_test3,*,*,PORTAL_VOICE_TEXT_TO_SPEECH_DEFAULT_DOMAIN_MESSAGE,"Hello, {firstname} {lastname} is unavailable. Please leave a message.",,0,
*,*,*,bradtest,*,*,PORTAL_VOICE_TEXT_TO_SPEECH_DEFAULT_DOMAIN_VOICE,en-US_AllisonVoice,,0,
*,*,*,grid4lab,*,*,PORTAL_VOICE_TEXT_TO_SPEECH_DEFAULT_DOMAIN_VOICE,en-US_AllisonVoice,,0,
*,*,*,grid4.com,*,*,PORTAL_VOICE_TEXT_TO_SPEECH_DEFAULT_DOMAIN_VOICE,en-US_AllisonVoice,,0,
*,*,*,grid4voice,*,*,PORTAL_VOICE_TEXT_TO_SPEECH_DEFAULT_DOMAIN_VOICE,en-US_AllisonVoice,,0,
*,*,*,grid4_fri_test3,*,*,PORTAL_VOICE_TEXT_TO_SPEECH_DEFAULT_DOMAIN_VOICE,en-US_AllisonVoice,,0,
*,*,*,*,*,*,PORTAL_VOICE_TEXT_TO_SPEECH_GOOGLE_STANDARD,yes,"Created via API",0,
*,*,*,*,*,*,PORTAL_VOICE_TEXT_TO_SPEECH_GOOGLE_WAVENET,yes,"Created via API",0,
*,*,*,*,*,*,PORTAL_VOICE_TEXT_TO_SPEECH_POLLY,yes,"Created via API",0,
*,*,*,*,*,*,PORTAL_VOICE_TEXT_TO_SPEECH_WATSON,yes,"Created via API",0,
*,*,*,*,*,*,PORTAL_VOICE_TRANSCRIPTION_SENTIMENT,yes,"Created via API",0,
*,*,*,*,*,*,PORTAL_VOICE_TRANSCRIPTION_SENTIMENT_ENDING_SECONDS,30,"Created via API",0,
*,*,*,*,*,*,PORTAL_VOICE_TRANSCRIPTION_SENTIMENT_VENDOR,deepgram,"Created via API",0,
*,*,*,*,*,*,PORTAL_WEBPHONE_ENABLE_PWA,yes,"Created via API",0,
*,*,*,*,*,*,PORTAL_WEBPHONE_NEW_TAB_VIEW,yes,"load desktop view",0,
*,*,*,*,*,*,PORTAL_WEBPHONE_PWA_BACKGROUND_COLOR,#FFFFFF,"Created via API",0,
*,training_reseller1,*,*,*,*,PORTAL_WEBPHONE_PWA_BACKGROUND_COLOR,#8E44AD,"Created via API",0,
*,training_reseller2,*,*,*,*,PORTAL_WEBPHONE_PWA_BACKGROUND_COLOR,#1C2526,"Created via API",0,
*,*,*,*,*,*,PORTAL_WEBPHONE_PWA_DESCRIPTION,grid4voice_UC,"Created via API",0,
*,*,*,*,*,*,PORTAL_WEBPHONE_PWA_NAME,grid4voice_PWA,"Created via API",0,
*,*,*,*,*,*,PORTAL_WEBPHONE_PWA_SHORT_NAME,grid4voice_PWA,"Created via API",0,
*,*,*,*,*,*,PORTAL_WEBPHONE_PWA_THEME_COLOR,#6EC1E4,"Created via API",0,
*,training_reseller1,*,*,*,*,PORTAL_WEBPHONE_PWA_THEME_COLOR,#E74C3C,"Created via API",0,
*,training_reseller2,*,*,*,*,PORTAL_WEBPHONE_PWA_THEME_COLOR,#D9B382,"Created via API",0,
*,*,*,*,*,*,PORTAL_WEB_PHONE_NAME,"SNAPmobile Web","set name for webphone",0,
*,*,*,*,*,*,PORTAL_WEB_PHONE_SHOW_CHATSMS,yes,,0,
*,*,*,*,*,*,RECORDINGS_PLAYBACK_PWD,Playback,,0,
*,*,*,*,*,*,RECORDINGS_PLAYBACK_UID,Playback,,0,
*,*,*,*,*,*,RECORDINGS_PLAYBACK_URL,https://core1-ord.grid4voice.ucaas.tech/LiCf/playback.php,,0,
*,*,*,*,*,*,RECORDINGS_PLAYBACK_VIA_URL,yes,,0,
*,*,*,*,*,*,SBUS_ACCEPT_CDR,yes,,0,
*,*,*,*,*,*,SBUS_ACCEPT_SYSTEM_EVENTS,yes,"To accept SBus System Events",0,
*,*,*,*,*,*,SBUS_ENABLED,yes,,0,
*,*,*,*,*,*,SBUS_SEND_CONFERENCE_COMMAND,yes,"To send Conference Command over SBus",0,
*,*,*,*,*,*,SBUS_SEND_CONFERENCE_EVENTS,yes,"To send Conference Events over SBus",0,
*,*,*,*,*,*,SBUS_SEND_CONFIGURATION_EVENTS,yes,"To send Config Events over SBus",0,
*,*,*,*,*,*,SBUS_SEND_CONFIG_IMAGES,yes,"Send branding images over SBUS",0,
*,*,*,*,*,*,SBUS_SEND_FILE_JOURNAL_EVENTS,yes,"To send File Journal Events over SBus",0,
*,*,*,*,*,*,UI_ADMIN_USE_MD5_PASSWORD,yes,"Use MD5 Password",0,
*,*,*,*,*,*,UI_ALLOW_GREETING_UPLOAD,no,"To Allow Greeting Upload",0,
*,*,*,*,*,*,UI_ALLOW_MOH_UPLOAD,yes,"To Allow MOH Upload",0,
*,*,*,*,*,*,UI_ALLOW_WORDFILE_UPLOAD,no,"To Allow Wordfile Upload",0,
*,*,*,*,*,*,UI_CDR_SHOW_RECORDINGS,yes,,0,
*,*,*,*,*,*,UI_COLOR_MENU_MOUSE_OFF_BKGD,005388,"Menu Background Color  when Mousse is OFF",0,
*,*,*,*,*,*,UI_COLOR_MENU_MOUSE_OFF_FONT,FFFFFF,"Menu Font Color  when Mousse is OFF",0,
*,*,*,*,*,*,UI_COLOR_MENU_MOUSE_ON_BKGD,7F2238,"Menu Background Color  when Mousse is ON",0,
*,*,*,*,*,*,UI_COLOR_MENU_MOUSE_ON_FONT,FFFFFF,"Menu Font Color  when Mousse is ON",0,
*,*,*,*,*,*,UI_DEFAULT_CONFERENCE_DEVICE,sip:%s.%s@conference-bridge,"Default Device URI for Conference Room for (<User>,<Domain>)",0,
*,*,*,*,*,*,UI_DEFAULT_CONFERENCE_NAME,"Conference Room for %s.%s","Default Name for Conference Room for (<User>,<Domain>)",0,
*,*,*,*,*,*,UI_DEFAULT_CONFERENCE_URI,sip:%s.%s@conference-bridge,"Default URI for Conference Room for (<User>,<Domain>)",0,
*,*,*,*,*,*,UI_IMPORT_CLEAN_DEVICE_AOR,no,"Default setting for Clean Device AOR when Importing Subscriber",0,
*,*,*,*,*,*,UI_IMPORT_CLEAN_LOGIN,no,"Default setting for Clean Login when Importing Subscriber",0,
*,*,*,*,*,*,UI_IMPORT_SET_DEFAULT_FEATURE,yes,"Default setting for Set Default Feature when Importing Subscriber",0,
*,*,*,*,*,*,UI_SELECT_DOMAIN_NO_CHANGE_FORWARD,yes,,0,
*,*,*,*,*,*,UI_SHOW_EVENT_DOWNLOAD_MAX,500,"Event Download Max",0,
*,*,*,*,*,*,UI_SHOW_IPV6,yes,,0,
*,*,*,*,*,*,UI_SHOW_LANGUAGE_CHOICE,no,"To show language choice",0,
*,*,*,*,*,*,UI_SHOW_LI,yes,,0,
*,*,*,*,*,*,UI_SHOW_QUOTA_CONFIG,yes,,0,
*,*,*,*,*,*,UI_SHOW_SBUS,yes,"Show SBus",0,
*,*,*,*,*,*,USE_LIDF_FOR_RECORDINGS,yes,,0,
*,*,*,*,*,*,WS_SERVERS,"core1-ord.grid4voice.ucaas.tech,core2-ord.grid4voice.ucaas.tech",,0,
admin,*,*,*,*,*,UI_ADD_PROVISION,yes,"To add Provision",0,
admin,*,*,*,*,*,UI_DEFAULT_LANGUAGE,en_US,"Default Language for the UI",0,
admin,*,*,*,*,*,UI_LANGUAGE_pt_BR,no,"To provide pt_BR as a language option for the UI",0,
admin,*,*,*,*,*,UI_MODIFY_PROVISION,yes,"To modify Provision",0,
admin,*,*,*,*,*,UI_SHOW_AUDIO_MONITOR,no,"To show the Audio Monitor UI",0,
admin,*,*,*,*,*,UI_SHOW_CALL_QUEUE,yes,"To show Call Queue page",0,
admin,*,*,*,*,*,UI_SHOW_CALL_ROUTING,yes,"To show Routing page",0,
admin,*,*,*,*,*,UI_SHOW_CDR_EXPORT,no,"To show the Recordings UI",0,
admin,*,*,*,*,*,UI_SHOW_CONFERENCE,yes,"To show Conference Configuration and Statistics pages",0,
admin,*,*,*,*,*,UI_SHOW_CONNECTION_DID,yes,"To show the DID Connections page",0,
admin,*,*,*,*,*,UI_SHOW_CONNECTION_SRV,yes,"To show the Server/Gateway Connections page",0,
admin,*,*,*,*,*,UI_SHOW_CONNECTION_STATS,yes,"To show the Connections Statistics",0,
admin,*,*,*,*,*,UI_SHOW_DEVICES,yes,"To show Device Registrar page",0,
admin,*,*,*,*,*,UI_SHOW_DIAL_PLAN,yes,"To show Dial Plan page",0,
admin,*,*,*,*,*,UI_SHOW_DIAL_POLICY,yes,"To show Dial Policy page",0,
admin,*,*,*,*,*,UI_SHOW_DOMAIN,yes,"To show the Domain page",0,
admin,*,*,*,*,*,UI_SHOW_DOMAIN_STATS,yes,"To show the Domain Statistics",0,
admin,*,*,*,*,*,UI_SHOW_GREETING,yes,"To show Greetings page",0,
admin,*,*,*,*,*,UI_SHOW_HA,no,"To show control for HA and disable non-HA Restart",0,
admin,*,*,*,*,*,UI_SHOW_HUNTGROUP,yes,"To show Hunt Group page",0,
admin,*,*,*,*,*,UI_SHOW_LBRV_FILE,no,"Show LBRV (i.e. G.723.1 and G.729) files",0,
admin,*,*,*,*,*,UI_SHOW_LI,no,"To show LI Configuration and Events",0,
admin,*,*,*,*,*,UI_SHOW_MOH,yes,"To show MOH page",0,
admin,*,*,*,*,*,UI_SHOW_OPERATOR_ACCOUNT,yes,"To show Operator Account page",0,
admin,*,*,*,*,*,UI_SHOW_PREPAID,no,"To show Rating Configuration and Connection",0,
admin,*,*,*,*,*,UI_SHOW_QUEUE_STATS,no,"To show Queue Statistics",0,
admin,*,*,*,*,*,UI_SHOW_RECORDINGS,no,"To show the Recordings UI",0,
admin,*,*,*,*,*,UI_SHOW_SIP_FLOW,no,"To show the SIP flow Utility Button in Event Page",0,
admin,*,*,*,*,*,UI_SHOW_SUBSCRIBER,yes,"To show Subscriber page",0,
admin,*,*,*,*,*,UI_SHOW_SYSTEM_ACCOUNT,yes,"To show System Administration Account page",0,
admin,*,*,*,*,*,UI_SHOW_SYSTEM_BACKUP,yes,"To show System Backup and Restore pages",0,
admin,*,*,*,*,*,UI_SHOW_SYSTEM_CONFIG,yes,"To show System Configuration page",0,
admin,*,*,*,*,*,UI_SHOW_SYSTEM_STATUS,yes,"To show System Status and Statistics pages",0,
admin,*,*,*,*,*,UI_SHOW_TERRITORY,yes,"To show Territory page",0,
admin,*,*,*,*,*,UI_SHOW_VMAIL,yes,"To show VMail page",0,
admin,*,*,*,*,*,UI_START_PAGE,system_status,"The 1st UI Page after login",0,
admin,*,*,*,*,*,UI_TITLE_SHOW_IP,yes,"To show IP Address at Web Title",0,
domain,*,*,*,*,*,UI_ALLOW_MOH_UPLOAD,yes,"To Allow MOH Upload",0,
domain,*,*,*,*,*,UI_DEFAULT_LANGUAGE,en_US,"Default Language for the UI",0,
domain,*,*,*,*,*,UI_LANGUAGE_pt_BR,no,"To provide pt_BR as a language option for the UI",0,
domain,*,*,*,*,*,UI_MODIFY_PROVISION,no,"To modify Provision",0,
domain,*,*,*,*,*,UI_SHOW_ACTIVE_CALL,yes,"To show the Active Call page",0,
domain,*,*,*,*,*,UI_SHOW_AUDIO_MONITOR,no,"To show the Audio Monitor UI",0,
domain,*,*,*,*,*,UI_SHOW_CALL_QUEUE,yes,"To show Call Queue page",0,
domain,*,*,*,*,*,UI_SHOW_CDR_EXPORT,no,"To show the Recordings UI",0,
domain,*,*,*,*,*,UI_SHOW_CONNECTION_DID,yes,"To show the DID Connections page",0,
domain,*,*,*,*,*,UI_SHOW_CONNECTION_STATS,yes,"To show the Connections Statistics",0,
domain,*,*,*,*,*,UI_SHOW_DEVICES,yes,"To show Device Registrar page",0,
domain,*,*,*,*,*,UI_SHOW_DIAL_PLAN,yes,"To show Dial Plan page",0,
domain,*,*,*,*,*,UI_SHOW_DIAL_POLICY,yes,"To show Dial Policy page",0,
domain,*,*,*,*,*,UI_SHOW_DOMAIN_STATS,yes,"To show the Domain Statistics",0,
domain,*,*,*,*,*,UI_SHOW_GREETING,yes,"To show Greetings page",0,
domain,*,*,*,*,*,UI_SHOW_HUNTGROUP,yes,"To show Hunt Group page",0,
domain,*,*,*,*,*,UI_SHOW_LI,no,"To show LI Configuration and Events",0,
domain,*,*,*,*,*,UI_SHOW_MOH,yes,"To show MOH page",0,
domain,*,*,*,*,*,UI_SHOW_OPERATOR_ACCOUNT,yes,"To show Operator Account page",0,
domain,*,*,*,*,*,UI_SHOW_PREPAID,no,"To show Rating Configuration and Connection",0,
domain,*,*,*,*,*,UI_SHOW_QUEUE_STATS,no,"To show Queue Statistics",0,
domain,*,*,*,*,*,UI_SHOW_RECORDINGS,no,"To show the Recordings UI",0,
domain,*,*,*,*,*,UI_SHOW_SUBSCRIBER,yes,"To show Subscriber page",0,
domain,*,*,*,*,*,UI_SHOW_SYSTEM_ACCOUNT,yes,"To show System Administration Account page",0,
domain,*,*,*,*,*,UI_SHOW_VMAIL,yes,"To show VMail page",0,
domain,*,*,*,*,*,UI_START_PAGE,domain_active_calls,"The 1st UI Page after login",0,
domain,*,*,*,*,*,UI_TITLE_SHOW_IP,yes,"To show IP Address at Web Title",0,
lea,*,*,*,*,*,UI_DEFAULT_LANGUAGE,en_US,"Default Language for the UI",0,
lea,*,*,*,*,*,UI_SHOW_AUDIO_MONITOR,yes,"To show the Audio Monitor UI",0,
lea,*,*,*,*,*,UI_SHOW_CONNECTION_ALL,yes,"To show the Generic Connections page",0,
lea,*,*,*,*,*,UI_SHOW_DEVICES,yes,"To show Device Registrar page",0,
lea,*,*,*,*,*,UI_SHOW_RECORDINGS,yes,"To show the Recordings UI",0,
lea,*,*,*,*,*,UI_START_PAGE,audio_monitor,"The 1st UI Page after login",0,
lea,*,*,*,*,*,UI_TITLE_SHOW_IP,yes,"To show IP Address at Web Title",0,
subscriber,*,*,*,*,*,UI_DEFAULT_LANGUAGE,en_US,"Default Language for the UI",0,
subscriber,*,*,*,*,*,UI_E911_PAGE,dash_911,"Select the UI page for specific E911 service",0,
subscriber,*,*,*,*,*,UI_IS_RESIDENTIAL,no,"To hide non-Residential Features",0,
subscriber,*,*,vbox.netsapiens.com,*,6000,UI_IS_RESIDENTIAL,yes,"To hide non-Residential Features",0,
subscriber,*,*,vbox.netsapiens.com,*,6001,UI_IS_RESIDENTIAL,yes,"To hide non-Residential Features",0,
subscriber,*,*,*,*,*,UI_LOOKUP_ORIG_USER_FOR_CDR,yes,"CDR display Orig Sub if no match in Phone Book",0,
subscriber,*,*,*,*,*,UI_LOOKUP_TERM_USER_FOR_CDR,yes,"CDR display Term Sub if no match in Phone Book",0,
subscriber,*,*,*,*,*,UI_SHOW_BALANCE,no,"To show Balance Page",0,
subscriber,*,*,*,*,*,UI_SHOW_CHARGE_IN_CDR,no,"To show Charge in CDR",0,
subscriber,*,*,*,*,*,UI_SHOW_DOMAIN_DIRECTORY,yes,"To Show Domain Directory",0,
subscriber,*,*,vbox.netsapiens.com,*,6000,UI_SHOW_DOMAIN_DIRECTORY,no,"To Show Domain Directory",0,
subscriber,*,*,vbox.netsapiens.com,*,6001,UI_SHOW_DOMAIN_DIRECTORY,no,"To Show Domain Directory",0,
subscriber,*,*,*,*,*,UI_SHOW_E911,no,"To show E911 Configuraiton Page",0,
subscriber,*,*,vbox.netsapiens.com,*,6000,UI_SHOW_E911,no,"To show E911 Configuraiton Page",0,
subscriber,*,*,vbox.netsapiens.com,*,6001,UI_SHOW_E911,no,"To show E911 Configuraiton Page",0,
subscriber,*,*,*,*,*,UI_SHOW_MOBILE_ACCESS,no,"To Show Mobile Access Page",0,
subscriber,*,*,*,*,*,UI_SHOW_PHONE_BOOK,yes,"To Show Personal Phone Book",0,
subscriber,*,*,vbox.netsapiens.com,*,6000,UI_SHOW_PHONE_BOOK,no,"To Show Personal Phone Book",0,
subscriber,*,*,vbox.netsapiens.com,*,6001,UI_SHOW_PHONE_BOOK,no,"To Show Personal Phone Book",0,
subscriber,*,*,*,*,*,UI_SHOW_REMINDER_CALL,yes,"To Show Reminder Call Page",0,
subscriber,*,*,vbox.netsapiens.com,*,6000,UI_SHOW_REMINDER_CALL,no,"To Show Reminder Call Page",0,
subscriber,*,*,vbox.netsapiens.com,*,6001,UI_SHOW_REMINDER_CALL,no,"To Show Reminder Call Page",0,
subscriber,*,*,*,*,*,UI_SHOW_REMOTE_CALLING,yes,"To Show Remote Calling Page",0,
subscriber,*,*,vbox.netsapiens.com,*,6000,UI_SHOW_REMOTE_CALLING,no,"To Show Remote Calling Page",0,
subscriber,*,*,vbox.netsapiens.com,*,6001,UI_SHOW_REMOTE_CALLING,no,"To Show Remote Calling Page",0,
subscriber,*,*,*,*,*,UI_SHOW_SEND_VMAIL,yes,"To Show Send VMail Page",0,
subscriber,*,*,*,*,*,UI_SHOW_SERVICE_RECORD,no,"To Show Service Charges",0,
subscriber,*,*,*,*,*,UI_START_PAGE,subscriber_vmail,"The 1st UI Page after login",0,
subscriber,*,*,*,*,*,UI_START_PAGE_NO_VMAIL,subscriber_cdr_inbound,"The 1st UI Page after login if VMail not provisioned",0,
subscriber,*,*,vbox.netsapiens.com,*,6000,UI_START_PAGE_NO_VMAIL,conf_room,"The 1st UI Page after login if VMail not provisioned",0,
subscriber,*,*,vbox.netsapiens.com,*,6001,UI_START_PAGE_NO_VMAIL,conf_room,"The 1st UI Page after login if VMail not provisioned",0,
subscriber,*,*,*,*,*,UI_TITLE_SHOW_IP,no,"To show IP Address at Web Title",0,
tac,*,*,*,*,*,ALLOW_CC_SUPERVISOR,yes,"Allow Call Center Supervisor",0,
tac,*,*,*,*,*,CDR_RECORDINGS_IGNORE_CASE_ID,yes,"To ignore Case ID when looking up recording by CDR",0,
tac,*,*,*,*,*,CONFERENCE_SHOW_AUTO_ANS,yes,"To show ""Auto Ans"" knob in Conference Participant Table",0,
tac,*,*,*,*,*,CONFERENCE_SHOW_AUTO_CONDSC,yes,"Conference Show Auto Connection and Disconnect",0,
tac,*,*,*,*,*,CONFERENCE_SHOW_RCV_ONLY,yes,"To show ""Rcv Only"" knob in Conference Participant Table",0,
tac,*,*,*,*,*,CONFERENCE_SHOW_TRIGGER_BY,yes,"To show ""Trigger By"" in Conference Table",0,
tac,*,*,*,*,*,PLAYBACK_SHOW_GAIN,yes,"To show Gain Adjustment for Playback",0,
tac,*,*,*,*,*,UI_ADD_PROVISION,yes,"To add Provision",0,
tac,*,*,*,*,*,UI_ALLOW_ADMIN_ACCOUNT_EXPORT,yes,"To Allow Admin Account Export",0,
tac,*,*,*,*,*,UI_ALLOW_ADMIN_ACCOUNT_IMPORT,yes,"To Allow Admin Account Import",0,
tac,*,*,*,*,*,UI_ALLOW_CALL_QUEUE_EXPORT,yes,"To Allow Call Queue Export",0,
tac,*,*,*,*,*,UI_ALLOW_CALL_QUEUE_IMPORT,yes,"To Allow Call Queue Import",0,
tac,*,*,*,*,*,UI_ALLOW_DEFAULT_VALUES_EXPORT,yes,"To Allow Default Values Export",0,
tac,*,*,*,*,*,UI_ALLOW_DEFAULT_VALUES_IMPORT,yes,"To Allow Default Values Import",0,
tac,*,*,*,*,*,UI_ALLOW_DIALPOLICY_EXPORT,yes,"To Allow Dial Permission Export",0,
tac,*,*,*,*,*,UI_ALLOW_DIALPOLICY_IMPORT,yes,"To Allow Dial Permission Import",0,
tac,*,*,*,*,*,UI_ALLOW_EMPTY_USER_DATA,yes,"To allow emptying User's Data",0,
tac,*,*,*,*,*,UI_ALLOW_EMPTY_VOICE_MAIL,yes,"To allow empty Voice Mail",0,
tac,*,*,*,*,*,UI_ALLOW_GREETING_UPLOAD,yes,"Allow Greeting Upload",0,
tac,*,*,*,*,*,UI_ALLOW_PARAMETERS_EXPORT,yes,"To Allow Parameters Export",0,
tac,*,*,*,*,*,UI_ALLOW_PARAMETERS_IMPORT,yes,"To Allow Parameters Import",0,
tac,*,*,*,*,*,UI_ALLOW_UI_CONFIG_EXPORT,yes,"To Allow UI Config Export",0,
tac,*,*,*,*,*,UI_ALLOW_UI_CONFIG_IMPORT,yes,"To Allow UI Config Import",0,
tac,*,*,*,*,*,UI_ALLOW_WORDFILE_UPLOAD,yes,"To Allow Wordfile Upload",0,
tac,*,*,*,*,*,UI_DEFAULT_LANGUAGE,en_US,"Default Language for the UI",0,
tac,*,*,*,*,*,UI_DISABLE_HUNTGROUP,no,"To allow option to disable Hunt Group",0,
tac,*,*,*,*,*,UI_LANGUAGE_es_MX,no,"To provide es_MX as a language option for the UI",0,
tac,*,*,*,*,*,UI_LANGUAGE_pt_BR,no,"To provide pt_BR as a language option for the UI",0,
tac,*,*,*,*,*,UI_LIDF_BUTTON_EXPORT_IMPORT,yes,"To show Export/Import button at LIDF page",0,
tac,*,*,*,*,*,UI_MODIFY_PROVISION,yes,"To modify Provision",0,
tac,*,*,*,*,*,UI_SHOW_AUDIO_MONITOR,yes,"To show the Audio Monitor UI",0,
tac,*,*,*,*,*,UI_SHOW_CALL_QUEUE,yes,"To show Call Queue page",0,
tac,*,*,*,*,*,UI_SHOW_CALL_REQUEST,yes,"To show Call Request page",0,
tac,*,*,*,*,*,UI_SHOW_CALL_ROUTING,yes,"To show Routing page",0,
tac,*,*,*,*,*,UI_SHOW_CDR_EXPORT,yes,"To show the Recordings UI",0,
tac,*,*,*,*,*,UI_SHOW_CONFERENCE,yes,"To show Conference Configuration and Statistics pages",0,
tac,*,*,*,*,*,UI_SHOW_CONNECTION_ALL,yes,"To show the Generic Connections page",0,
tac,*,*,*,*,*,UI_SHOW_CONNECTION_STATS,yes,"To show the Connections Statistics",0,
tac,*,*,*,*,*,UI_SHOW_DEFAULT_CALL_REQUEST,yes,"To show default for Call Request",0,
tac,*,*,*,*,*,UI_SHOW_DEVICES,yes,"To show Device Registrar page",0,
TAC,*,*,*,*,*,UI_SHOW_DIALPLAN_FROM_NAME,yes,"Dial Plan Show Source Name Translation",0,
tac,*,*,*,*,*,UI_SHOW_DIALPLAN_PARAMETER,yes,"To show Dial Plan Parameter",0,
tac,*,*,*,*,*,UI_SHOW_DIAL_PLAN,yes,"To show Dial Plan page",0,
tac,*,*,*,*,*,UI_SHOW_DIAL_POLICY,yes,"To show Dial Policy page",0,
tac,*,*,*,*,*,UI_SHOW_DOMAIN,yes,"To show the Domain page",0,
tac,*,*,*,*,*,UI_SHOW_DOMAIN_STATS,yes,"To show the Domain Statistics",0,
tac,*,*,*,*,*,UI_SHOW_DOMAIN_TRANS_URI,yes,"To Show Domain URI Translation",0,
tac,*,*,*,*,*,UI_SHOW_EVENT_PURGE,yes,"To show Event Clear button",0,
tac,*,*,*,*,*,UI_SHOW_EXTENDED_EXPORT,yes,,0,
tac,*,*,*,*,*,UI_SHOW_GREETING,yes,"To show Greetings page",0,
tac,*,*,*,*,*,UI_SHOW_GW_CPS,yes,"To show Connnection CPS configuration",0,
tac,*,*,*,*,*,UI_SHOW_GW_MIN_DURATION,yes,"To show minimum duration for connection",0,
tac,*,*,*,*,*,UI_SHOW_GW_RATE_CEILING,yes,"To show Connnection Rate Ceiling configuration",0,
tac,*,*,*,*,*,UI_SHOW_GW_RATE_MARGIN,yes,"To show Connnection Rate Margin configuration",0,
tac,*,*,*,*,*,UI_SHOW_GW_TYPE,yes,"To show Connection Type and Role",0,
tac,*,*,*,*,*,UI_SHOW_HUNTGROUP,yes,"To show Hunt Group page",0,
tac,*,*,*,*,*,UI_SHOW_LBRV_FILE,no,"Show LBRV (i.e. G.723.1 and G.729) files",0,
tac,*,*,*,*,*,UI_SHOW_LI,yes,"To show LI Configuration and Events",0,
tac,*,*,*,*,*,UI_SHOW_MOH,yes,"To show MOH page",0,
tac,*,*,*,*,*,UI_SHOW_NFR,yes,"To show NFR",0,
tac,*,*,*,*,*,UI_SHOW_OAUTH_CLIENTS,yes,"To show Oauth Clients Page",0,
tac,*,*,*,*,*,UI_SHOW_OPERATOR_ACCOUNT,yes,"To show Operator Account page",0,
tac,*,*,*,*,*,UI_SHOW_PREPAID,no,"To show Rating Configuration and Connection",0,
tac,*,*,*,*,*,UI_SHOW_QUEUE_STATS,no,"To show Queue Statistics",0,
tac,*,*,*,*,*,UI_SHOW_RECORDINGS,yes,"To show the Recordings UI",0,
tac,*,*,*,*,*,UI_SHOW_SIP_FLOW,yes,"To show the SIP flow Utility Button in Event Page",0,
tac,*,*,*,*,*,UI_SHOW_STATISTIC_PURGE,yes,"To show Statistic Clear button",0,
tac,*,*,*,*,*,UI_SHOW_SUBSCRIBER,yes,"To show Subscriber page",0,
tac,*,*,*,*,*,UI_SHOW_SYSTEM_ACCOUNT,yes,"To show System Administration Account page",0,
tac,*,*,*,*,*,UI_SHOW_SYSTEM_BACKUP,yes,"To show System Backup and Restore pages",0,
tac,*,*,*,*,*,UI_SHOW_SYSTEM_CONFIG,yes,"To show System Configuration page",0,
tac,*,*,*,*,*,UI_SHOW_SYSTEM_STATUS,yes,"To show System Status and Statistics pages",0,
tac,*,*,*,*,*,UI_SHOW_SYSTEM_UPDATE,yes,"To show System Update pages",0,
tac,*,*,*,*,*,UI_SHOW_TERRITORY,yes,"To show Territory page",0,
tac,*,*,*,*,*,UI_SHOW_VMAIL,yes,"To show VMail page",0,
tac,*,*,*,*,*,UI_START_PAGE,system_status,"The 1st UI Page after login",0,
tac,*,*,*,*,*,UI_TITLE_ADMIN_SHOW_IP,yes,"To show IP Address at Web Page Title for adminlogin",0,
tac,*,*,*,*,*,UI_TITLE_SHOW_IP,yes,"To show IP Address at Web Title",0,
territory,*,*,*,*,*,UI_ADD_PROVISION,no,"To add Provision",0,
territory,*,*,*,*,*,UI_DEFAULT_LANGUAGE,en_US,"Default Language for the UI",0,
territory,*,*,*,*,*,UI_LANGUAGE_pt_BR,no,"To provide pt_BR as a language option for the UI",0,
territory,*,*,*,*,*,UI_MODIFY_PROVISION,no,"To modify Provision",0,
territory,*,*,*,*,*,UI_SHOW_ACTIVE_CALL,yes,"To show the Active Call page",0,
territory,*,*,*,*,*,UI_SHOW_AUDIO_MONITOR,no,"To show the Audio Monitor UI",0,
territory,*,*,*,*,*,UI_SHOW_CALL_QUEUE,yes,"To show Call Queue page",0,
territory,*,*,*,*,*,UI_SHOW_CDR_EXPORT,no,"To show the Recordings UI",0,
territory,*,*,*,*,*,UI_SHOW_CONNECTION_DID,yes,"To show the DID Connections page",0,
territory,*,*,*,*,*,UI_SHOW_CONNECTION_STATS,yes,"To show the Connections Statistics",0,
territory,*,*,*,*,*,UI_SHOW_DEVICES,yes,"To show Device Registrar page",0,
territory,*,*,*,*,*,UI_SHOW_DIAL_PLAN,yes,"To show Dial Plan page",0,
territory,*,*,*,*,*,UI_SHOW_DIAL_POLICY,yes,"To show Dial Policy page",0,
territory,*,*,*,*,*,UI_SHOW_DOMAIN,yes,"To show the Domain page",0,
territory,*,*,*,*,*,UI_SHOW_DOMAIN_STATS,yes,"To show the Domain Statistics",0,
territory,*,*,*,*,*,UI_SHOW_GREETING,yes,"To show Greetings page",0,
territory,*,*,*,*,*,UI_SHOW_HUNTGROUP,yes,"To show Hunt Group page",0,
territory,*,*,*,*,*,UI_SHOW_LI,no,"To show LI Configuration and Events",0,
territory,*,*,*,*,*,UI_SHOW_MOH,yes,"To show MOH page",0,
territory,*,*,*,*,*,UI_SHOW_OPERATOR_ACCOUNT,yes,"To show Operator Account page",0,
territory,*,*,*,*,*,UI_SHOW_PREPAID,no,"To show Rating Configuration and Connection",0,
territory,*,*,*,*,*,UI_SHOW_QUEUE_STATS,no,"To show Queue Statistics",0,
territory,*,*,*,*,*,UI_SHOW_RECORDINGS,no,"To show the Recordings UI",0,
territory,*,*,*,*,*,UI_SHOW_SUBSCRIBER,yes,"To show Subscriber page",0,
territory,*,*,*,*,*,UI_SHOW_SYSTEM_ACCOUNT,yes,"To show System Administration Account page",0,
territory,*,*,*,*,*,UI_SHOW_VMAIL,yes,"To show VMail page",0,
territory,*,*,*,*,*,UI_START_PAGE,domain_active_calls,"The 1st UI Page after login",0,
territory,*,*,*,*,*,UI_TITLE_SHOW_IP,yes,"To show IP Address at Web Title",0,
